<?xml version="1.0" encoding="UTF-8"?>
<beans xmlns="http://www.springframework.org/schema/beans"
	xmlns:xsi="http://www.w3.org/2001/XMLSchema-instance" xmlns:context="http://www.springframework.org/schema/context"
	xmlns:tx="http://www.springframework.org/schema/tx" xmlns:jpa="http://www.springframework.org/schema/data/jpa"
	xsi:schemaLocation="http://www.springframework.org/schema/beans 
	http://www.springframework.org/schema/beans/spring-beans.xsd 
	http://www.springframework.org/schema/context 
	http://www.springframework.org/schema/context/spring-context.xsd 
	http://www.springframework.org/schema/tx 
	http://www.springframework.org/schema/tx/spring-tx.xsd 
	http://www.springframework.org/schema/data/jpa 
	http://www.springframework.org/schema/data/jpa/spring-jpa.xsd">

	<!--加载配置文件 -->
	<context:property-placeholder location="classpath:db.properties" />

	<!--扫描包，排除springMVC扫描的包，重复扫描会有问题 -->
	<context:component-scan base-package="com">
		<context:exclude-filter type="annotation"
			expression="org.springframework.stereotype.Controller"></context:exclude-filter>
		<context:exclude-filter type="annotation"
			expression="org.springframework.web.bind.annotation.ControllerAdvice" />
	</context:component-scan>


	<!--配置数据源 -->
	<bean id="dataSource" class="com.mchange.v2.c3p0.ComboPooledDataSource">
		<property name="user" value="${user}" />
		<property name="password" value="${password}" />
		<property name="driverClass" value="${driver}" />
		<property name="jdbcUrl" value="${url}" />
		<property name="maxPoolSize" value="40"></property>
		<property name="minPoolSize" value="1"></property>
		<property name="initialPoolSize" value="1"></property>
		<property name="maxIdleTime" value="20"></property>
	</bean>


	<!--jpa管理工厂 -->
	<bean id="entityManagerFactory"
		class="org.springframework.orm.jpa.LocalContainerEntityManagerFactoryBean">
		<!--数据源 -->
		<property name="dataSource" ref="dataSource" />
		<!--适配器 -->
		<property name="jpaVendorAdapter">
			<bean class="org.springframework.orm.jpa.vendor.HibernateJpaVendorAdapter" />
		</property>
		<!--扫描包 -->
		<property name="packagesToScan" value="com" />

		<!--基本配置 -->
		<property name="jpaProperties">
			<props>
				<!--命名策略 -->
				<prop key="hibernate.ejb.naming_strategy">org.hibernate.cfg.ImprovedNamingStrategy</prop>

				<!--基本配置 -->
				<prop key="hibernate.format_sql">true</prop>
				<prop key="hibernate.show_sql">true</prop>
				<prop key="hibernate.hbm2ddl.auto">update</prop>
				<prop key="hibernate.dialect">org.hibernate.dialect.MySQL5InnoDBDialect</prop>

				<!--二级缓存 -->
				<prop key="hibernate.cache.use_query_cache">true</prop>
				<prop key="hibernate.cache.use_second_level_cache">true</prop>
				<prop key="hibernate.cache.region.factory_class">org.hibernate.cache.ehcache.EhCacheRegionFactory
				</prop>
			</props>
		</property>

		<property name="sharedCacheMode" value="ENABLE_SELECTIVE" />
	</bean>


	<!--配置事务 -->
	<bean id="transactionManager" class="org.springframework.orm.jpa.JpaTransactionManager">
		<property name="entityManagerFactory" ref="entityManagerFactory" />
	</bean>

	<!--配置基于注解的事务 -->
	<tx:annotation-driven transaction-manager="transactionManager" />

	<!--配置spring data -->
	<jpa:repositories base-package="com"
		entity-manager-factory-ref="entityManagerFactory"></jpa:repositories>

</beans>